Nome,Gênero
Aaron,M
Abel,M
Abigail,F
Abner,M
Abraão,M
Adalberto,M
Adalgisa,F
Adam,M
Adão,M
Adelaide,F
Adele,F
Adélia,F
Adolfo,M
Adrian,M
Adriana,F
Adriane,F
Adriano,M
Adriel,M
Afonso,M
Ágata,F
Agnaldo,M
Agnes,F
Aimée,F
Airton,M
Alaíde,F
Alan,M
Alana,F
Alane,F
Alberta,F
Albertina,F
Alberto,M
Alceu,M
Alcides,M
Alcione,F
Aldo,M
Alec,M
Alessandra,F
Alessandro,M
Alex,M
Alexa,F
Alexandra,F
Alexandre,M
Alfredo,M
Ali,M
Alice,F
Alicia,F
Aline,F
Alissa,F
Alma,F
Alonso,M
Aluísio,M
Álvaro,M
Alzira,F
Amadeu,M
Amália,F
Amanda,F
Amauri,M
Amélia,F
Amélie,F
América,F
Américo,M
Amisha,F
Amy,F
Ana,F
Anabela,F
Anastácia,F
André,M
Andréia,F
Andressa,F
Andrezza,F
Anete,F
Angel,F
Ângela,F
Angélica,F
Angelina,F
Angelita,F
Ângelo,M
Anita,F
Annete,F
Anselmo,M
Antenor,M
Antonella,F
Antônia,F
Antonieta,F
Antônio,M
Aparecida,F
Aretha,F
Ariadne,F
Ariana,F
Ariane,F
Ariel,M
Ariela,F
Ariele,F
Arlene,F
Arlete,F
Armando,M
Arnaldo,M
Arthur,M
Asha,F
Audrey,F
Augusta,F
Augustina,F
Augustine,F
Augusto,M
Áurea,F
Aurélia,F
Auro,M
Aurora,F
Ava,F
Baltazar,M
Bárbara,F
Barbie,F
Bartolomeu,M
Beatrice,F
Beatriz,F
Bela,F
Belinda,F
Bella,F
Belle,F
Benedita,F
Benedito,M
Benício,M
Benjamin,M
Bento,M
Berenice,F
Bernadete,F
Bernardo,M
Betânia,F
Beth,F
Betina,F
Bianca,F
Bóris,M
Branca,F
Brás,M
Brenda,F
Breno,M
Brian,M
Briana,F
Brianne,F
Bridget,F
Briena,F
Bruce,M
Bruna,F
Bruno,M
Bryan,M
Caetano,M
Caio,M
Caíque,M
Caleb,M
Camélia,F
Cameron,F
Camila,F
Camile,F
Camilo,M
Cândida,F
Capitu,F
Carina,F
Carine,F
Carla,F
Carlos,M
Carlota,F
Carmel,F
Carmela,F
Carmelita,F
Carmem,F
Carmina,F
Carmo,F
Carol,F
Carola,F
Carolina,F
Caroline,F
Cassandra,F
Cássia,F
Cassiano,M
Cássio,M
Catarina,F
Caterina,F
Caterine,F
Cauã,M
Cauê,M
Ceci,F
Cécile,F
Cecília,F
Celeste,F
Célia,F
Celina,F
Céline,F
Célio,M
Celso,M
Ceres,F
César,M
Chandra,F
Chantal,F
Charles,M
Charlotte,F
Chelsea,F
Chiara,F
Chloé,F
Christal,F
Christian,M
Christiana,F
Christiane,F
Christiano,M
Christina,F
Christopher,M
Chrystal,F
Cibele,F
Cícero,M
Cilene,F
Cinara,F
Cinézio,M
Cinthia,F
Cíntia,F
Cirilo,M
Ciro,M
Clair,F
Claire,F
Clara,F
Clarice,F
Clarissa,F
Clarisse,F
Claudete,F
Cláudia,F
Cláudio,M
Clayton,M
Cléa,F
Cléber,M
Cleide,F
Cleusa,F
Cloé,F
Clotilda,F
Clotilde,F
Clotildes,F
Conceição,F
Consuelo,F
Cora,F
Cordélia,F
Cornélia,F
Cosette,F
Cristal,F
Cristiana,F
Cristiane,F
Cristiano,M
Cristina,F
Cristóvão,M
Cyntia,F
Dafne,F
Daiana,F
Daiane,F
Daisy,F
Dália,F
Dalila,F
Dalva,F
Damaris,F
Dana,F
Daniel,M
Daniela,F
Daniele,F
Danilo,M
Dante,M
Daphne,F
Dara,F
Darci,F
Dario,M
Darlene,F
Davi,M
Daya,F
Débora,F
Décio,M
Délia,F
Delma,F
Demi,F
Dênis,M
Denise,F
Derek,M
Desirée,F
Diana,F
Diane,F
Diego,M
Dimitri,M
Diogo,M
Diomar,F
Dirce,F
Dirceu,M
Diva,F
Djane,F
Dolores,F
Dom,M
Dometila,F
Dominique,F
Donata,F
Donatella,F
Dora,F
Doralice,F
Dorathy,F
Dóris,F
Douglas,M
Dulce,F
Éder,M
Edgar,M
Edith,F
Edmundo,M
Edna,F
Édson,M
Eduarda,F
Eduardo,M
Elaine,F
Elana,F
Elba,F
Elen,F
Elena,F
Elenice,F
Eleonor,F
Eleonora,F
Eli,M
Eliana,F
Eliane,F
Elias,M
Élio,M
Elis,F
Elisa,F
Elisabete,F
Elisabeth,F
Elisângela,F
Eliseu,M
Eliza,F
Eloá,F
Eloísa,F
Elsa,F
Elton,M
Elvira,F
Elzira,F
Ema,F
Emanuel,M
Emanuela,F
Emanuele,F
Émerson,M
Emília,F
Emílio,M
Emily,F
Emir,M
Emma,F
Enrico,M
Enzo,M
Erasmo,M
Eric,M
Érica,F
Érico,M
Ernesto,M
Esmeralda,F
Esperança,F
Estefânia,F
Estéfano,M
Estela,F
Esther,F
Etelvina,F
Ethel,F
Eugênia,F
Eugênio,M
Eunice,F
Eva,F
Evandro,M
Evangelina,F
Eve,F
Evelina,F
Evelyn,F
Ezequiel,M
Ézio,M
Fábia,F
Fabiana,F
Fabiane,F
Fabiano,M
Fábio,M
Fabíola,F
Fabrícia,F
Fabrício,M
Fanny,F
Fátima,F
Fausta,F
Faustina,F
Fausto,M
Felícia,F
Felício,M
Felipa,F
Felipe,M
Félix,M
Fernanda,F
Fernando,M
Fidel,M
Filippo,M
Filomena,F
Fiona,F
Flávia,F
Flávio,M
Flor,F
Flora,F
Franca,F
Frances,F
Francesca,F
Francine,F
Francis,F
Francisca,F
Francisco,M
Frank,M
Franklin,M
Fred,M
Frederico,M
Frida,F
Gabriel,M
Gabriela,F
Gabriele,F
Gael,M
Gaia,F
Gal,F
Gália,F
George,M
Georgia,F
Georgiana,F
Georgina,F
Geralda,F
Geraldo,M
Germano,M
Gérson,M
Gertrudes,F
Gia,F
Gian,M
Gianne,F
Gil,M
Gilberto,M
Gilda,F
Gildo,M
Gilmar,M
Gilson,M
Gina,F
Gioconda,F
Giorgio,M
Giovana,F
Giovane,F
Giovanni,M
Gisela,F
Giselda,F
Gisele,F
Giulia,F
Gizelda,F
Gláuber,M
Glauce,F
Gláucia,F
Glauco,M
Glenda,F
Glória,F
Gonçalo,M
Graça,F
Grace,F
Graziela,F
Gregório,M
Gretchen,F
Guadalupe,F
Guilherme,M
Gunther,M
Gustavo,M
Hadassa,F
Haideé,F
Hamilton,M
Hannah,F
Hans,M
Haroldo,M
Hebe,F
Hector,M
Heidi,F
Heitor,M
Helen,F
Helena,F
Helenice,F
Helga,F
Hélio,M
Heloísa,F
Henrique,M
Henry,M
Hercília,F
Herculano,M
Hilda,F
Horácio,M
Horishi,M
Hortênsia,F
Hugo,M
Humberto,M
Iago,M
Ian,M
Ianna,F
Iara,F
Iasmin,F
Ibrahim,M
Ícaro,M
Ida,F
Idalina,F
Igor,M
Ike,M
Ilana,F
Ilda,F
Ilsa,F
Inácio,M
Inaiá,F
Indira,F
Inês,F
Ingrid,F
Iohana,F
Iolanda,F
Ioná,F
Ionara,F
Ione,F
Iracema,F
Irani,F
Irapuã,M
Irecê,F
Irene,F
Irina,F
Irineu,M
Íris,F
Irma,F
Isa,F
Isaac,M
Isabel,F
Isabela,F
Isabele,F
Isadora,F
Isaías,M
Isaura,F
Isidora,F
Isidoro,M
Ísis,F
Ismael,M
Ismênia,F
Isolda,F
Israel,M
Ítalo,M
Itamar,M
Iuri,M
Ivã,M
Ivan,M
Ivete,F
Ivo,M
Ivone,F
Jaci,F
Jaciara,F
Jacinto,M
Jacira,F
Jacó,M
Jacob,M
Jacqueline,F
Jacques,M
Jacy,F
Jade,F
Jaime,M
Jair,M
Jairo,M
Jamal,M
James,M
Jamil,M
Jamila,F
Janaína,F
Jandir,F
Jandira,F
Jane,F
Janete,F
Janice,F
Jânio,M
Janis,F
Jaqueline,F
Jasmim,F
Jasmina,F
Jasmine,F
Jasper,M
Jean,M
Jefferson,M
Jeni,F
Jenifer,F
Jenny,F
Jeremias,M
Jessé,M
Jéssica,F
Jimena,F
Joana,F
João,M
Joaquim,M
Joaquina,F
Joceline,F
Joel,M
Joelle,F
John,M
Jonas,M
Jonatan,M
Jora,F
Jordana,F
Jordão,M
Jordi,M
Jorge,M
José,M
Josefina,F
Josephine,F
Joshua,M
Josias,M
Josué,M
Joy,F
Juan,M
Juarez,M
Judite,F
Judith,F
Júlia,F
Juliana,F
Juliano,M
Julieta,F
Júlio,M
Júnior,M
Jurandir,M
Jurema,F
Juscelino,M
Jussara,F
Justina,F
Justino,M
Kaila,F
Kaio,M
Kaique,M
Kaleb,M
Kalil,M
Kalila,F
Karen,F
Karim,M
Karina,F
Karine,F
Karla,F
Karolina,F
Karoline,F
Kássia,F
Kate,F
Katerina,F
Katerine,F
Katharina,F
Katherine,F
Kátia,F
Kauana,F
Keila,F
Kelly,F
Kelvin,M
Kenny,F
Kenya,F
Késia,F
Khalil,M
Kim,M
Kimberly,F
Klaus,M
Kléber,M
Kristal,F
Kyara,F
Laércio,M
Laerte,M
Laila,F
Lailah,M
Laís,F
Laísa,F
Lalita,F
Lana,F
Lara,F
Larisa,F
Larissa,F
Latifa,F
Laura,F
Lauro,M
Lavínia,F
Layla,F
Lázaro,M
Léa,F
Leandra,F
Leandro,M
Leda,F
Léia,F
Leila,F
Leilane,F
Lélio,M
Lena,F
Lenora,F
Leon,M
Leona,F
Leonardo,M
Leôncio,M
Leonel,M
Leônidas,M
Leonor,F
Leonora,F
Leopoldo,M
Letícia,F
Levi,M
Lia,F
Liana,F
Lícia,F
Lídia,F
Lígia,F
Lila,F
Lília,F
Lilian,F
Liliana,F
Liliane,F
Lina,F
Lincoln,M
Linda,F
Lindsay,F
Linete,F
Lineu,M
Lisa,F
Lisandra,F
Lisandro,M
Lívia,F
Lívio,M
Liza,F
Lizandra,F
Lola,F
Lolita,F
Lorelei,F
Lorena,F
Lorenzo,M
Lóri,F
Lorraine,F
Lourdes,F
Lourenço,M
Luan,M
Luana,F
Luca,M
Lucas,M
Luci,F
Lúcia,F
Luciana,F
Luciane,F
Luciano,M
Luciena,F
Luciene,F
Lucila,F
Lucille,F
Lucina,F
Lucinda,F
Lúcio,M
Lucíola,F
Lucy,F
Ludmila,F
Luigi,M
Luís,M
Luísa,F
Luiz,M
Luna,F
Lurdes,F
Luzia,F
Mada,F
Madalena,F
Mafalda,F
Magali,F
Magda,F
Magdalena,F
Magno,M
Magnólia,F
Mahima,F
Maia,F
Maiara,F
Maíra,F
Maísa,F
Maitê,F
Malaquias,M
Malika,F
Manoela,F
Manon,F
Manu,M
Manuel,M
Manuela,F
Manuele,F
Maomé,M
Mara,F
Marc,M
Marcel,M
Marcela,F
Marcele,F
Marcelo,M
Márcia,F
Márcio,M
Marco,M
Marcos,M
Marcus,M
Margarete,F
Margarida,F
Margarita,F
Margot,F
Maria,F
Mariah,F
Mariana,F
Mariane,F
Mariângela,F
Mariano,M
Mariela,F
Marília,F
Marilu,F
Marina,F
Mário,M
Marisa,F
Marise,F
Marissol,F
Maristela,F
Marjorie,F
Marlene,F
Marli,F
Marlon,M
Marly,F
Marta,F
Martim,M
Martina,F
Marvin,M
Mary,F
Matheus,M
Mathias,M
Matilda,F
Matilde,F
Matteo,M
Maura,F
Maurício,M
Mauro,M
Maximiano,M
Maya,F
Mayra,F
Maysa,F
Megan,F
Meire,F
Mel,F
Melina,F
Melinda,F
Melissa,F
Melquior,M
Mercedes,F
Messias,M
Mia,F
Micael,M
Micaela,F
Micaele,F
Michael,M
Michele,F
Miguel,M
Mika,F
Milena,F
Milene,F
Milton,M
Mina,F
Minerva,F
Miracema,F
Miranda,F
Mírian,F
Mirna,F
Mirtes,F
Miyoko,F
Moacir,M
Moema,F
Moira,F
Moisés,M
Mônica,F
Monique,F
Morgana,F
Mozart,M
Muriel,F
Murilo,M
Mustafá,M
Nabi,M
Nabor,M
Nadine,F
Nadir,F
Nadira,F
Nadya,F
Naila,F
Nair,F
Nájela,F
Najma,F
Nancy,F
Naomi,F
Nara,F
Narcisa,F
Narciso,M
Násser,M
Natália,F
Natalie,F
Natan,M
Natanael,M
Natasha,F
Nayana,F
Nayane,F
Nazaré,F
Nazira,F
Neide,F
Neil,M
Neli,F
Nélson,M
Nestor,M
Neusa,F
Ney,M
Nice,F
Nicolas,M
Nicolau,M
Nicole,F
Nilo,M
Nilse,F
Nílson,M
Nilton,M
Nilza,F
Nina,F
Nivaldo,M
Nívea,F
Nívia,F
Noah,M
Noé,M
Noel,M
Noélia,F
Noemi,F
Noêmia,F
Nora,F
Norberto,M
Norma,F
Núbia,F
Nuno,M
Octávia,F
Octávio,M
Odete,F
Odila,F
Ofélia,F
Olavo,M
Olga,F
Olímpia,F
Olímpio,M
Oliver,M
Olívia,F
Olívio,M
Omar,M
Ophelia,F
Ordália,F
Orfeu,M
Oriana,F
Orlando,M
Oscar,M
Osmar,M
Osvaldo,M
Otávia,F
Otávio,M
Oto,M
Pablo,M
Paco,M
Paloma,F
Pamela,F
Pandora,F
Paola,F
Paolo,M
Paris,F
Pasqual,M
Patrícia,F
Patrício,M
Patrick,M
Paula,F
Paulina,F
Paulo,M
Pedro,M
Penélope,F
Percival,M
Percy,M
Peri,M
Péricles,M
Perla,F
Peter,M
Petúnia,F
Pierre,M
Pietra,F
Pietro,M
Pilar,F
Plínio,M
Poliana,F
Priscila,F
Queila,F
Queiroga,M
Queiroz,M
Quelen,F
Quemuel,M
Queren,F
Querubim,M
Quésia,F
Quinn,M
Quintino,M
Quirá,F
Quirina,F
Quirino,M
Quiroga,M
Quiron,M
Quitéria,F
Quixote,M
Rachel,F
Rafael,M
Rafaela,F
Rai,M
Raimundo,M
Raísa,F
Raíssa,F
Rajesh,M
Ralf,M
Ramiro,M
Ramón,M
Raquel,F
Raul,M
Rebeca,F
Regiane,F
Regina,F
Reginaldo,M
Reinaldo,M
Renan,M
Renata,F
Renato,M
Reneé,F
Rian,M
Ricardo,M
Richard,M
Rita,F
Robert,M
Roberta,F
Roberto,M
Robson,M
Rodolfo,M
Rodrigo,M
Roger,M
Rogéria,F
Rogério,M
Romeu,M
Rômulo,M
Rosa,F
Rosália,F
Rosana,F
Rosane,F
Rosângela,F
Rosário,F
Rose,F
Roseli,F
Rossana,F
Roxana,F
Roxane,F
Ruan,M
Rubem,M
Rúbia,F
Rui,M
Rute,F
Ruth,F
Ryan,M
Sabrina,F
Sabrine,F
Sacha,F
Safira,F
Salete,F
Salma,F
Salomão,M
Salomé,F
Salvador,M
Sálvio,M
Samanta,F
Samara,F
Samir,M
Samira,F
Samuel,M
Sancho,M
Sandra,F
Sansão,M
Santiago,M
Sara,F
Sarah,F
Sasha,F
Saul,M
Saulo,M
Scarlet,F
Sebastião,M
Selena,F
Selene,F
Selina,F
Selma,F
Serafim,M
Serafina,F
Serena,F
Sérgio,M
Severiano,M
Severino,M
Severo,M
Sharon,F
Sheila,F
Shirlei,F
Sibele,F
Sidnei,M
Silas,M
Silena,F
Silmara,F
Silvana,F
Sílvia,F
Sílvio,M
Simão,M
Simone,F
Sion,M
Socorro,F
Sofia,F
Solange,F
Sônia,F
Sophia,F
Sophie,F
Soraia,F
Stefano,M
Stella,F
Sueli,F
Susana,F
Tábata,F
Taciana,F
Tadeu,M
Tainá,F
Taís,F
Talita,F
Tamara,F
Tânia,F
Tarcila,F
Tarcísio,M
Tarso,M
Tassiana,F
Tatiana,F
Tatiane,F
Ted,M
Telma,F
Telmo,M
Teobaldo,M
Teodora,F
Teodoro,M
Teresa,F
Thales,M
Thalita,F
Theo,M
Theodoro,M
Thiago,M
Thomas,M
Tiana,F
Timóteo,M
Tobias,M
Tom,M
Tomé,M
Tônia,F
Trajano,M
Troy,M
Túlio,M
Ulisses,M
Umberto,M
Urânia,F
Uri,M
Úrsula,F
Vagner,M
Valdemar,M
Valdemir,M
Valdir,M
Valdo,M
Valdomiro,M
Valentim,M
Valentina,F
Valentino,M
Valéria,F
Valério,M
Valeska,F
Valfredo,M
Valmir,M
Valmor,M
Valquíria,F
Valter,M
Vanda,F
Vanderlei,M
Vanderley,M
Vando,M
Vanessa,F
Vânia,F
Velma,F
Venâncio,M
Venceslau,M
Vera,F
Verena,F
Veridiana,F
Verônica,F
Vicente,M
Victor,M
Victória,F
Victorio,M
Vilma,F
Vincente,M
Vinícius,M
Violeta,F
Virgílio,M
Virgínia,F
Viriato,M
Vital,M
Vitor,M
Vitória,F
Vitório,M
Vivian,F
Viviana,F
Viviane,F
Vivien,F
Vivienne,F
Vladimir,M
Wagner,M
Waldemar,M
Waldemir,M
Waldemiro,M
Waldir,M
Waldomiro,M
Wallace,M
Walmir,M
Walquíria,F
Walter,M
Wanda,F
Wanderley,M
Wando,M
Wanessa,F
Wendy,F
Wesley,M
William,M
Wilma,F
Wilson,M
Wilton,M
Xadai,M
Xande,M
Xavier,M
Xaviera,F
Xênia,F
Ximena,F
Yael,F
Yara,F
Yaron,M
Yaslin,F
Yasmim,F
Yasmina,F
Yasmine,F
Yoko,F
Yola,F
Yolanda,F
Yoná,F
Yone,F
Yoshi,M
Yukio,M
Yumi,F
Yves,M
Yvone,F
Zacarias,M
Zaíra,F
Zara,F
Zeferino,M
Zelda,F
Zélia,F
Zenaide,F
Zenon,M
Zilá,F
Zilda,F
Zion,M
Zita,F
Zoe,F
Zoey,F
Zora,F
Zoraide,F
Zuleica,F
Zuleide,F
Zuleika,F
Zulima,F
Zulmira,F
